{
  "__inputs": [
    {
      "name": "DS_VICTORIAMETRICS",
      "label": "victoriametrics",
      "description": "",
      "type": "datasource",
      "pluginId": "prometheus",
      "pluginName": "Prometheus"
    }
  ],
  "__requires": [
    {
      "type": "grafana",
      "id": "grafana",
      "name": "Grafana",
      "version": "7.4.2"
    },
    {
      "type": "panel",
      "id": "graph",
      "name": "Graph",
      "version": ""
    },
    {
      "type": "panel",
      "id": "heatmap",
      "name": "Heatmap",
      "version": ""
    },
    {
      "type": "datasource",
      "id": "prometheus",
      "name": "Prometheus",
      "version": "1.0.0"
    },
    {
      "type": "panel",
      "id": "singlestat",
      "name": "Singlestat",
      "version": ""
    },
    {
      "type": "panel",
      "id": "stat",
      "name": "Stat",
      "version": ""
    }
  ],
  "annotations": {
    "list": [
      {
        "builtIn": 1,
        "datasource": "-- Grafana --",
        "enable": true,
        "hide": true,
        "iconColor": "rgba(0, 211, 255, 1)",
        "name": "Annotations & Alerts",
        "type": "dashboard"
      }
    ]
  },
  "description": "CEPH OSD Status.",
  "editable": true,
  "gnetId": 5336,
  "graphTooltip": 0,
  "id": null,
  "iteration": 1614349440206,
  "links": [],
  "panels": [
    {
      "collapsed": false,
      "datasource": null,
      "gridPos": {
        "h": 1,
        "w": 24,
        "x": 0,
        "y": 0
      },
      "id": 11,
      "panels": [],
      "title": "OSD Status / Total OSDs",
      "type": "row"
    },
    {
      "cacheTimeout": null,
      "datasource": "${DS_VICTORIAMETRICS}",
      "fieldConfig": {
        "defaults": {
          "custom": {},
          "mappings": [
            {
              "from": "null",
              "id": 0,
              "text": "N/A",
              "to": "null",
              "type": 2
            },
            {
              "from": "0",
              "id": 1,
              "text": "DOWN",
              "to": "0.99",
              "type": 2
            },
            {
              "from": "0.99",
              "id": 2,
              "text": "UP",
              "to": "1",
              "type": 2
            }
          ],
          "thresholds": {
            "mode": "absolute",
            "steps": [
              {
                "color": "rgba(245, 54, 54, 0.9)",
                "value": null
              },
              {
                "color": "rgba(237, 40, 40, 0.89)",
                "value": 0
              },
              {
                "color": "rgba(50, 172, 45, 0.97)",
                "value": 1
              }
            ]
          },
          "unit": "none"
        },
        "overrides": []
      },
      "gridPos": {
        "h": 3,
        "w": 2,
        "x": 0,
        "y": 1
      },
      "id": 6,
      "interval": null,
      "links": [],
      "maxDataPoints": 100,
      "options": {
        "colorMode": "background",
        "graphMode": "none",
        "justifyMode": "auto",
        "orientation": "horizontal",
        "reduceOptions": {
          "calcs": [
            "lastNotNull"
          ],
          "fields": "",
          "values": false
        },
        "text": {},
        "textMode": "auto"
      },
      "pluginVersion": "7.4.2",
      "targets": [
        {
          "expr": "sum without (instance, prometheus_replica) (ceph_osd_up{ceph_daemon=\"$osd\"})",
          "format": "time_series",
          "interval": "$interval",
          "intervalFactor": 1,
          "legendFormat": "",
          "refId": "A",
          "step": 60
        }
      ],
      "timeFrom": null,
      "title": "Status",
      "type": "stat"
    },
    {
      "cacheTimeout": null,
      "datasource": "${DS_VICTORIAMETRICS}",
      "fieldConfig": {
        "defaults": {
          "custom": {},
          "mappings": [
            {
              "from": "null",
              "id": 0,
              "text": "N/A",
              "to": "null",
              "type": 2
            },
            {
              "from": "0",
              "id": 1,
              "text": "OUT",
              "to": "0.99",
              "type": 2
            },
            {
              "from": "0.99",
              "id": 2,
              "text": "IN",
              "to": "1",
              "type": 2
            }
          ],
          "thresholds": {
            "mode": "absolute",
            "steps": [
              {
                "color": "rgba(245, 54, 54, 0.9)",
                "value": null
              },
              {
                "color": "rgba(237, 40, 40, 0.89)",
                "value": 0
              },
              {
                "color": "rgba(50, 172, 45, 0.97)",
                "value": 1
              }
            ]
          },
          "unit": "none"
        },
        "overrides": []
      },
      "gridPos": {
        "h": 3,
        "w": 2,
        "x": 2,
        "y": 1
      },
      "id": 8,
      "interval": null,
      "links": [],
      "maxDataPoints": 100,
      "options": {
        "colorMode": "background",
        "graphMode": "none",
        "justifyMode": "auto",
        "orientation": "horizontal",
        "reduceOptions": {
          "calcs": [
            "lastNotNull"
          ],
          "fields": "",
          "values": false
        },
        "text": {},
        "textMode": "auto"
      },
      "pluginVersion": "7.4.2",
      "targets": [
        {
          "expr": "sum without (instance, prometheus_replica) (ceph_osd_in{ceph_daemon=\"$osd\"})",
          "format": "time_series",
          "interval": "$interval",
          "intervalFactor": 1,
          "legendFormat": "",
          "refId": "A",
          "step": 60
        }
      ],
      "timeFrom": null,
      "title": "Available",
      "type": "stat"
    },
    {
      "cacheTimeout": null,
      "datasource": "${DS_VICTORIAMETRICS}",
      "fieldConfig": {
        "defaults": {
          "custom": {},
          "mappings": [
            {
              "from": "null",
              "id": 0,
              "text": "N/A",
              "to": "null",
              "type": 2
            }
          ],
          "thresholds": {
            "mode": "absolute",
            "steps": [
              {
                "color": "rgba(255, 255, 255, 0.9)",
                "value": null
              }
            ]
          },
          "unit": "none"
        },
        "overrides": []
      },
      "gridPos": {
        "h": 3,
        "w": 2,
        "x": 4,
        "y": 1
      },
      "id": 10,
      "interval": null,
      "links": [],
      "maxDataPoints": 100,
      "options": {
        "colorMode": "value",
        "graphMode": "none",
        "justifyMode": "auto",
        "orientation": "horizontal",
        "reduceOptions": {
          "calcs": [
            "lastNotNull"
          ],
          "fields": "",
          "values": false
        },
        "text": {},
        "textMode": "auto"
      },
      "pluginVersion": "7.4.2",
      "targets": [
        {
          "expr": "count without (instance, prometheus_replica, ceph_daemon) (ceph_osd_up)",
          "format": "time_series",
          "interval": "$interval",
          "intervalFactor": 1,
          "legendFormat": "",
          "refId": "A",
          "step": 60
        }
      ],
      "timeFrom": null,
      "title": "Total OSDs",
      "type": "stat"
    },
    {
      "collapsed": false,
      "datasource": null,
      "gridPos": {
        "h": 1,
        "w": 24,
        "x": 0,
        "y": 4
      },
      "id": 12,
      "panels": [],
      "title": "OSD: $osd",
      "type": "row"
    },
    {
      "aliasColors": {},
      "bars": false,
      "dashLength": 10,
      "dashes": false,
      "datasource": "${DS_VICTORIAMETRICS}",
      "decimals": 2,
      "editable": true,
      "error": false,
      "fieldConfig": {
        "defaults": {
          "custom": {}
        },
        "overrides": []
      },
      "fill": 1,
      "fillGradient": 0,
      "grid": {},
      "gridPos": {
        "h": 7,
        "w": 11,
        "x": 0,
        "y": 5
      },
      "hiddenSeries": false,
      "id": 5,
      "interval": "$interval",
      "isNew": true,
      "legend": {
        "alignAsTable": true,
        "avg": true,
        "current": true,
        "max": true,
        "min": true,
        "show": true,
        "total": false,
        "values": true
      },
      "lines": true,
      "linewidth": 2,
      "links": [],
      "nullPointMode": "connected",
      "options": {
        "alertThreshold": true
      },
      "percentage": false,
      "pluginVersion": "7.4.2",
      "pointradius": 5,
      "points": false,
      "renderer": "flot",
      "seriesOverrides": [
        {
          "alias": "/^Average.*/",
          "fill": 0,
          "stack": false
        }
      ],
      "spaceLength": 10,
      "stack": true,
      "steppedLine": false,
      "targets": [
        {
          "expr": "sum without (instance, ceph_daemon) (ceph_osd_numpg{ceph_daemon=~\"$osd\"})",
          "format": "time_series",
          "interval": "$interval",
          "intervalFactor": 1,
          "legendFormat": "Number of PGs",
          "refId": "A",
          "step": 60
        },
        {
          "expr": "avg without (instance, ceph_daemon) (ceph_osd_numpg)",
          "format": "time_series",
          "interval": "$interval",
          "intervalFactor": 1,
          "legendFormat": "Average Number of PGs in the Cluster",
          "refId": "B",
          "step": 60
        }
      ],
      "thresholds": [
        {
          "colorMode": "custom",
          "line": true,
          "lineColor": "rgba(216, 200, 27, 0.27)",
          "op": "gt",
          "value": 250
        },
        {
          "colorMode": "custom",
          "line": true,
          "lineColor": "rgba(234, 112, 112, 0.22)",
          "op": "gt",
          "value": 300
        }
      ],
      "timeFrom": null,
      "timeRegions": [],
      "timeShift": null,
      "title": "PGs",
      "tooltip": {
        "msResolution": false,
        "shared": true,
        "sort": 0,
        "value_type": "individual"
      },
      "type": "graph",
      "xaxis": {
        "buckets": null,
        "mode": "time",
        "name": null,
        "show": true,
        "values": []
      },
      "yaxes": [
        {
          "format": "short",
          "label": null,
          "logBase": 1,
          "max": null,
          "min": 0,
          "show": true
        },
        {
          "format": "short",
          "label": null,
          "logBase": 1,
          "max": null,
          "min": 0,
          "show": true
        }
      ],
      "yaxis": {
        "align": false,
        "alignLevel": null
      }
    },
    {
      "aliasColors": {},
      "bars": false,
      "dashLength": 10,
      "dashes": false,
      "datasource": "${DS_VICTORIAMETRICS}",
      "decimals": 2,
      "editable": true,
      "error": false,
      "fieldConfig": {
        "defaults": {
          "custom": {}
        },
        "overrides": []
      },
      "fill": 1,
      "fillGradient": 0,
      "grid": {},
      "gridPos": {
        "h": 7,
        "w": 9,
        "x": 11,
        "y": 5
      },
      "hiddenSeries": false,
      "id": 2,
      "interval": "$interval",
      "isNew": true,
      "legend": {
        "alignAsTable": true,
        "avg": true,
        "current": true,
        "max": true,
        "min": true,
        "show": true,
        "total": false,
        "values": true
      },
      "lines": true,
      "linewidth": 2,
      "links": [],
      "nullPointMode": "connected",
      "options": {
        "alertThreshold": true
      },
      "percentage": false,
      "pluginVersion": "7.4.2",
      "pointradius": 5,
      "points": false,
      "renderer": "flot",
      "seriesOverrides": [],
      "spaceLength": 10,
      "stack": true,
      "steppedLine": false,
      "targets": [
        {
          "expr": "sum without (instance, ceph_daemon) (ceph_osd_stat_bytes{ceph_daemon=\"osd.0\"}-ceph_osd_stat_bytes_used{ceph_daemon=\"osd.0\"})",
          "format": "time_series",
          "hide": false,
          "interval": "$interval",
          "intervalFactor": 1,
          "legendFormat": "Available",
          "metric": "ceph_osd_avail_bytes",
          "refId": "A",
          "step": 60
        },
        {
          "expr": "sum without (instance, ceph_daemon) (ceph_osd_stat_bytes_used{ceph_daemon=~\"$osd\"})",
          "format": "time_series",
          "interval": "$interval",
          "intervalFactor": 1,
          "legendFormat": "Used",
          "metric": "ceph_osd_avail_bytes",
          "refId": "B",
          "step": 60
        }
      ],
      "thresholds": [],
      "timeFrom": null,
      "timeRegions": [],
      "timeShift": null,
      "title": "OSD Storage",
      "tooltip": {
        "msResolution": false,
        "shared": true,
        "sort": 0,
        "value_type": "individual"
      },
      "type": "graph",
      "xaxis": {
        "buckets": null,
        "mode": "time",
        "name": null,
        "show": true,
        "values": []
      },
      "yaxes": [
        {
          "format": "bytes",
          "label": null,
          "logBase": 1,
          "max": null,
          "min": 0,
          "show": true
        },
        {
          "format": "short",
          "label": null,
          "logBase": 1,
          "max": null,
          "min": 0,
          "show": true
        }
      ],
      "yaxis": {
        "align": false,
        "alignLevel": null
      }
    },
    {
      "cacheTimeout": null,
      "colorBackground": false,
      "colorValue": true,
      "colors": [
        "rgba(50, 172, 45, 0.97)",
        "rgba(237, 129, 40, 0.89)",
        "rgba(245, 54, 54, 0.9)"
      ],
      "datasource": "${DS_VICTORIAMETRICS}",
      "editable": true,
      "error": false,
      "fieldConfig": {
        "defaults": {
          "custom": {}
        },
        "overrides": []
      },
      "format": "percent",
      "gauge": {
        "maxValue": 100,
        "minValue": 0,
        "show": true,
        "thresholdLabels": false,
        "thresholdMarkers": true
      },
      "gridPos": {
        "h": 7,
        "w": 4,
        "x": 20,
        "y": 5
      },
      "id": 7,
      "interval": null,
      "isNew": true,
      "links": [],
      "mappingType": 1,
      "mappingTypes": [
        {
          "name": "value to text",
          "value": 1
        },
        {
          "name": "range to text",
          "value": 2
        }
      ],
      "maxDataPoints": 100,
      "nullPointMode": "connected",
      "nullText": null,
      "postfix": "",
      "postfixFontSize": "50%",
      "prefix": "",
      "prefixFontSize": "50%",
      "rangeMaps": [
        {
          "from": "null",
          "text": "N/A",
          "to": "null"
        }
      ],
      "sparkline": {
        "fillColor": "rgba(31, 118, 189, 0.18)",
        "full": false,
        "lineColor": "rgb(31, 120, 193)",
        "show": true
      },
      "tableColumn": "",
      "targets": [
        {
          "expr": "sum without (instance, ceph_daemon, prometheus_replica) (ceph_osd_stat_bytes_used{ceph_daemon=\"osd.0\"}/ceph_osd_stat_bytes{ceph_daemon=\"osd.0\"})",
          "format": "time_series",
          "instant": true,
          "interval": "$interval",
          "intervalFactor": 1,
          "legendFormat": "",
          "refId": "A",
          "step": 60
        }
      ],
      "thresholds": "60,80",
      "timeFrom": null,
      "title": "Utilization",
      "type": "singlestat",
      "valueFontSize": "80%",
      "valueMaps": [
        {
          "op": "=",
          "text": "N/A",
          "value": "null"
        }
      ],
      "valueName": "current"
    },
    {
      "collapsed": false,
      "datasource": null,
      "gridPos": {
        "h": 1,
        "w": 24,
        "x": 0,
        "y": 12
      },
      "id": 13,
      "panels": [],
      "title": "Latency, Storage, Utilization Varience",
      "type": "row"
    },
    {
      "cards": {
        "cardPadding": null,
        "cardRound": null
      },
      "color": {
        "cardColor": "#b4ff00",
        "colorScale": "sqrt",
        "colorScheme": "interpolateOranges",
        "exponent": 0.5,
        "mode": "opacity"
      },
      "dataFormat": "timeseries",
      "datasource": "${DS_VICTORIAMETRICS}",
      "fieldConfig": {
        "defaults": {
          "custom": {}
        },
        "overrides": []
      },
      "gridPos": {
        "h": 8,
        "w": 12,
        "x": 0,
        "y": 13
      },
      "heatmap": {},
      "hideZeroBuckets": false,
      "highlightCards": true,
      "id": 83,
      "legend": {
        "show": true
      },
      "links": [],
      "reverseYBuckets": false,
      "targets": [
        {
          "expr": "sum without (instance) (ceph_osd_apply_latency_ms{ceph_daemon='$osd'})",
          "format": "time_series",
          "instant": false,
          "interval": "$interval",
          "intervalFactor": 1,
          "legendFormat": "",
          "refId": "A"
        }
      ],
      "title": "OSD Apply Latency Distribution",
      "tooltip": {
        "show": true,
        "showHistogram": false
      },
      "type": "heatmap",
      "xAxis": {
        "show": true
      },
      "xBucketNumber": null,
      "xBucketSize": "",
      "yAxis": {
        "decimals": null,
        "format": "ms",
        "logBase": 2,
        "max": null,
        "min": "0",
        "show": true,
        "splitFactor": 1
      },
      "yBucketBound": "auto",
      "yBucketNumber": null,
      "yBucketSize": 10
    },
    {
      "cards": {
        "cardPadding": null,
        "cardRound": null
      },
      "color": {
        "cardColor": "#65c5db",
        "colorScale": "sqrt",
        "colorScheme": "interpolateOranges",
        "exponent": 0.5,
        "mode": "opacity"
      },
      "dataFormat": "timeseries",
      "datasource": "${DS_VICTORIAMETRICS}",
      "fieldConfig": {
        "defaults": {
          "custom": {}
        },
        "overrides": []
      },
      "gridPos": {
        "h": 8,
        "w": 12,
        "x": 12,
        "y": 13
      },
      "heatmap": {},
      "hideZeroBuckets": false,
      "highlightCards": true,
      "id": 84,
      "legend": {
        "show": true
      },
      "links": [],
      "reverseYBuckets": false,
      "targets": [
        {
          "expr": "sum without (instance) (ceph_osd_commit_latency_ms{ceph_daemon='$osd'})",
          "format": "time_series",
          "instant": false,
          "interval": "$interval",
          "intervalFactor": 1,
          "legendFormat": "",
          "refId": "A"
        }
      ],
      "title": "OSD Commit Latency Distribution",
      "tooltip": {
        "show": true,
        "showHistogram": false
      },
      "type": "heatmap",
      "xAxis": {
        "show": true
      },
      "xBucketNumber": null,
      "xBucketSize": "",
      "yAxis": {
        "decimals": null,
        "format": "ms",
        "logBase": 2,
        "max": null,
        "min": "0",
        "show": true,
        "splitFactor": null
      },
      "yBucketBound": "auto",
      "yBucketNumber": null,
      "yBucketSize": null
    },
    {
      "cards": {
        "cardPadding": null,
        "cardRound": null
      },
      "color": {
        "cardColor": "#806eb7",
        "colorScale": "sqrt",
        "colorScheme": "interpolateOranges",
        "exponent": 0.5,
        "mode": "opacity"
      },
      "dataFormat": "timeseries",
      "datasource": "${DS_VICTORIAMETRICS}",
      "fieldConfig": {
        "defaults": {
          "custom": {}
        },
        "overrides": []
      },
      "gridPos": {
        "h": 8,
        "w": 12,
        "x": 0,
        "y": 21
      },
      "heatmap": {},
      "hideZeroBuckets": false,
      "highlightCards": true,
      "id": 85,
      "legend": {
        "show": true
      },
      "links": [],
      "reverseYBuckets": false,
      "targets": [
        {
          "expr": "sum without (instance) (rate(ceph_osd_op_r_latency_sum{ceph_daemon='$osd'}[5m]) / rate(ceph_osd_op_r_latency_count{ceph_daemon='$osd'}[5m]) >= 0)",
          "format": "time_series",
          "instant": false,
          "interval": "$interval",
          "intervalFactor": 1,
          "legendFormat": "",
          "refId": "A"
        }
      ],
      "title": "OSD Read Op Latency Distribution",
      "tooltip": {
        "show": true,
        "showHistogram": false
      },
      "type": "heatmap",
      "xAxis": {
        "show": true
      },
      "xBucketNumber": null,
      "xBucketSize": "",
      "yAxis": {
        "decimals": 2,
        "format": "ms",
        "logBase": 2,
        "max": null,
        "min": "0",
        "show": true,
        "splitFactor": null
      },
      "yBucketBound": "auto",
      "yBucketNumber": null,
      "yBucketSize": null
    },
    {
      "cards": {
        "cardPadding": null,
        "cardRound": null
      },
      "color": {
        "cardColor": "#f9934e",
        "colorScale": "sqrt",
        "colorScheme": "interpolateOranges",
        "exponent": 0.5,
        "mode": "opacity"
      },
      "dataFormat": "timeseries",
      "datasource": "${DS_VICTORIAMETRICS}",
      "fieldConfig": {
        "defaults": {
          "custom": {}
        },
        "overrides": []
      },
      "gridPos": {
        "h": 8,
        "w": 12,
        "x": 12,
        "y": 21
      },
      "heatmap": {},
      "hideZeroBuckets": false,
      "highlightCards": true,
      "id": 86,
      "legend": {
        "show": true
      },
      "links": [],
      "reverseYBuckets": false,
      "targets": [
        {
          "expr": "sum without (instance) (rate(ceph_osd_op_w_latency_sum{ceph_daemon='$osd'}[5m]) / rate(ceph_osd_op_w_latency_count{ceph_daemon='$osd'}[5m]) >= 0)",
          "format": "time_series",
          "instant": false,
          "interval": "$interval",
          "intervalFactor": 1,
          "legendFormat": "",
          "refId": "A"
        }
      ],
      "title": "OSD Write Op Latency Distribution",
      "tooltip": {
        "show": true,
        "showHistogram": false
      },
      "type": "heatmap",
      "xAxis": {
        "show": true
      },
      "xBucketNumber": null,
      "xBucketSize": "",
      "yAxis": {
        "decimals": 2,
        "format": "ms",
        "logBase": 2,
        "max": null,
        "min": "0",
        "show": true,
        "splitFactor": null
      },
      "yBucketBound": "auto",
      "yBucketNumber": null,
      "yBucketSize": null
    },
    {
      "aliasColors": {},
      "bars": false,
      "dashLength": 10,
      "dashes": false,
      "datasource": "${DS_VICTORIAMETRICS}",
      "fieldConfig": {
        "defaults": {
          "custom": {}
        },
        "overrides": []
      },
      "fill": 1,
      "fillGradient": 0,
      "gridPos": {
        "h": 7,
        "w": 12,
        "x": 0,
        "y": 29
      },
      "hiddenSeries": false,
      "id": 44,
      "legend": {
        "alignAsTable": true,
        "avg": false,
        "current": false,
        "max": false,
        "min": false,
        "rightSide": false,
        "show": true,
        "total": false,
        "values": false
      },
      "lines": true,
      "linewidth": 1,
      "links": [],
      "nullPointMode": "null",
      "options": {
        "alertThreshold": true
      },
      "percentage": false,
      "pluginVersion": "7.4.2",
      "pointradius": 5,
      "points": false,
      "renderer": "flot",
      "seriesOverrides": [],
      "spaceLength": 10,
      "stack": false,
      "steppedLine": false,
      "targets": [
        {
          "expr": "avg without (instance, ceph_daemon) (rate(ceph_osd_op_r_latency_sum{ceph_daemon='$osd'}[5m]) / rate(ceph_osd_op_r_latency_count{ceph_daemon='$osd'}[5m]) >= 0)",
          "format": "time_series",
          "interval": "",
          "intervalFactor": 1,
          "legendFormat": "read",
          "refId": "A"
        },
        {
          "expr": "avg without (instance, ceph_daemon) (rate(ceph_osd_op_w_latency_sum{ceph_daemon='$osd'}[5m]) / rate(ceph_osd_op_w_latency_count{ceph_daemon='$osd'}[5m]) >= 0)",
          "format": "time_series",
          "interval": "",
          "intervalFactor": 1,
          "legendFormat": "write",
          "refId": "B"
        }
      ],
      "thresholds": [],
      "timeFrom": null,
      "timeRegions": [],
      "timeShift": null,
      "title": "Avg OSD  Op  Latency",
      "tooltip": {
        "shared": true,
        "sort": 0,
        "value_type": "individual"
      },
      "type": "graph",
      "xaxis": {
        "buckets": null,
        "mode": "time",
        "name": null,
        "show": true,
        "values": []
      },
      "yaxes": [
        {
          "format": "ms",
          "label": null,
          "logBase": 1,
          "max": null,
          "min": null,
          "show": true
        },
        {
          "format": "short",
          "label": null,
          "logBase": 1,
          "max": null,
          "min": null,
          "show": true
        }
      ],
      "yaxis": {
        "align": false,
        "alignLevel": null
      }
    },
    {
      "aliasColors": {},
      "bars": false,
      "dashLength": 10,
      "dashes": false,
      "datasource": "${DS_VICTORIAMETRICS}",
      "decimals": null,
      "fieldConfig": {
        "defaults": {
          "custom": {}
        },
        "overrides": []
      },
      "fill": 1,
      "fillGradient": 0,
      "gridPos": {
        "h": 7,
        "w": 12,
        "x": 12,
        "y": 29
      },
      "hiddenSeries": false,
      "id": 35,
      "legend": {
        "alignAsTable": true,
        "avg": false,
        "current": true,
        "hideEmpty": false,
        "max": true,
        "min": false,
        "rightSide": false,
        "show": true,
        "total": false,
        "values": true
      },
      "lines": true,
      "linewidth": 1,
      "links": [],
      "nullPointMode": "null",
      "options": {
        "alertThreshold": true
      },
      "percentage": false,
      "pluginVersion": "7.4.2",
      "pointradius": 1,
      "points": false,
      "renderer": "flot",
      "seriesOverrides": [],
      "spaceLength": 10,
      "stack": false,
      "steppedLine": false,
      "targets": [
        {
          "expr": "avg without (instance, ceph_daemon) (ceph_osd_apply_latency_ms{ceph_daemon='$osd'})",
          "format": "time_series",
          "interval": "$interval",
          "intervalFactor": 1,
          "legendFormat": "apply",
          "metric": "ceph_osd_perf_apply_latency_seconds",
          "refId": "A",
          "step": 4
        },
        {
          "expr": "avg without (instance, ceph_daemon)(ceph_osd_commit_latency_ms{ceph_daemon='$osd'})",
          "format": "time_series",
          "interval": "$interval",
          "intervalFactor": 1,
          "legendFormat": "commit",
          "metric": "ceph_osd_perf_commit_latency_seconds",
          "refId": "B",
          "step": 4
        }
      ],
      "thresholds": [],
      "timeFrom": null,
      "timeRegions": [],
      "timeShift": null,
      "title": "AVG OSD Apply + Commit Latency",
      "tooltip": {
        "shared": true,
        "sort": 0,
        "value_type": "individual"
      },
      "type": "graph",
      "xaxis": {
        "buckets": null,
        "mode": "time",
        "name": null,
        "show": true,
        "values": []
      },
      "yaxes": [
        {
          "decimals": null,
          "format": "ms",
          "label": null,
          "logBase": 1,
          "max": null,
          "min": null,
          "show": true
        },
        {
          "format": "short",
          "label": null,
          "logBase": 1,
          "max": null,
          "min": null,
          "show": true
        }
      ],
      "yaxis": {
        "align": false,
        "alignLevel": null
      }
    }
  ],
  "refresh": "5m",
  "schemaVersion": 27,
  "style": "dark",
  "tags": [
    "ceph",
    "osd"
  ],
  "templating": {
    "list": [
      {
        "auto": true,
        "auto_count": 10,
        "auto_min": "1m",
        "current": {
          "selected": false,
          "text": "10s",
          "value": "10s"
        },
        "datasource": null,
        "description": null,
        "error": null,
        "hide": 0,
        "includeAll": false,
        "label": "Interval",
        "multi": false,
        "name": "interval",
        "options": [
          {
            "selected": false,
            "text": "auto",
            "value": "$__auto_interval_interval"
          },
          {
            "selected": true,
            "text": "10s",
            "value": "10s"
          },
          {
            "selected": false,
            "text": "30s",
            "value": "30s"
          },
          {
            "selected": false,
            "text": "1m",
            "value": "1m"
          },
          {
            "selected": false,
            "text": "10m",
            "value": "10m"
          },
          {
            "selected": false,
            "text": "30m",
            "value": "30m"
          },
          {
            "selected": false,
            "text": "1h",
            "value": "1h"
          },
          {
            "selected": false,
            "text": "6h",
            "value": "6h"
          },
          {
            "selected": false,
            "text": "12h",
            "value": "12h"
          },
          {
            "selected": false,
            "text": "1d",
            "value": "1d"
          },
          {
            "selected": false,
            "text": "7d",
            "value": "7d"
          },
          {
            "selected": false,
            "text": "14d",
            "value": "14d"
          },
          {
            "selected": false,
            "text": "30d",
            "value": "30d"
          }
        ],
        "query": "10s,30s,1m,10m,30m,1h,6h,12h,1d,7d,14d,30d",
        "queryValue": "",
        "refresh": 2,
        "skipUrlSync": false,
        "type": "interval"
      },
      {
        "allValue": null,
        "current": {},
        "datasource": "${DS_VICTORIAMETRICS}",
        "definition": "label_values(cluster)",
        "description": null,
        "error": null,
        "hide": 0,
        "includeAll": false,
        "label": "cluster",
        "multi": false,
        "name": "cluster",
        "options": [],
        "query": {
          "query": "label_values(cluster)",
          "refId": "StandardVariableQuery"
        },
        "refresh": 1,
        "regex": ".*prometheus.*",
        "skipUrlSync": false,
        "sort": 0,
        "tagValuesQuery": "",
        "tags": [],
        "tagsQuery": "",
        "type": "query",
        "useTags": false
      },
      {
        "allValue": null,
        "current": {},
        "datasource": "${DS_VICTORIAMETRICS}",
        "definition": "",
        "description": null,
        "error": null,
        "hide": 0,
        "includeAll": false,
        "label": "OSD",
        "multi": false,
        "name": "osd",
        "options": [],
        "query": {
          "query": "label_values(ceph_osd_up, ceph_daemon)",
          "refId": "victoriametrics-osd-Variable-Query"
        },
        "refresh": 1,
        "regex": "",
        "skipUrlSync": false,
        "sort": 0,
        "tagValuesQuery": "",
        "tags": [],
        "tagsQuery": "",
        "type": "query",
        "useTags": false
      }
    ]
  },
  "time": {
    "from": "now-3h",
    "to": "now"
  },
  "timepicker": {
    "refresh_intervals": [
      "5s",
      "10s",
      "30s",
      "1m",
      "5m",
      "15m",
      "30m",
      "1h",
      "2h",
      "1d"
    ],
    "time_options": [
      "5m",
      "15m",
      "1h",
      "6h",
      "12h",
      "24h",
      "2d",
      "7d",
      "30d"
    ]
  },
  "timezone": "browser",
  "title": "Ceph - OSD (Single)",
  "uid": "Fj5fAfzik123",
  "version": 4
}